mysql> select * from station;
+-------+---------------+-------+-------+--------+---------+
| st_id | city          | state | lat_n | long_w | country |
+-------+---------------+-------+-------+--------+---------+
|     1 | Chennai       | TN    |    33 |    112 | NULL    |
|     2 | Kolkata       | WB    |    40 |    105 | NULL    |
|     3 | Visakhapatnam | AP    |    47 |     68 | NULL    |
|     5 | Patna         | BR    |    34 |    108 | IN      |
+-------+---------------+-------+-------+--------+---------+
4 rows in set (0.00 sec)

mysql> select count(*) from station;
+----------+
| count(*) |
+----------+
|        4 |
+----------+
1 row in set (0.00 sec)

mysql> select * from station where city  between 'C' and 'i';
+-------+---------+-------+-------+--------+---------+
| st_id | city    | state | lat_n | long_w | country |
+-------+---------+-------+-------+--------+---------+
|     1 | Chennai | TN    |    33 |    112 | NULL    |
+-------+---------+-------+-------+--------+---------+
1 row in set (0.00 sec)

mysql> select * from station where state in('TN','WB');
+-------+---------+-------+-------+--------+---------+
| st_id | city    | state | lat_n | long_w | country |
+-------+---------+-------+-------+--------+---------+
|     1 | Chennai | TN    |    33 |    112 | NULL    |
|     2 | Kolkata | WB    |    40 |    105 | NULL    |
+-------+---------+-------+-------+--------+---------+
2 rows in set (0.00 sec)

mysql>
